{"cameraMode":{"drawMode":0,"name":"Shaded","section":"Shading Mode"},"sceneLighting":false,"audioPlay":false,"sceneViewState":{"showFog":true,"showMaterialUpdate":false,"showSkybox":false,"showFlares":true,"showImageEffects":true,"showParticleSystems":true},"in2DMode":false,"pivot":{"x":-5.184856414794922,"y":4.388258934020996,"z":80.0},"rotation":{"x":-0.10359681397676468,"y":-0.023273831233382226,"z":0.002434679539874196,"w":-0.9943681359291077},"size":13.798517227172852,"orthographic":false}